client_id,snapshot_id,seq_num,server_timestamp_ms,recv_time_ms,latency_ms,jitter_ms
1,1,12,1762437875077.0632,1762437875077.769,0.705718994140625,0.0
1,2,13,1762437875127.8625,1762437875128.7551,0.89263916015625,0.186920166015625
1,3,14,1762437875178.652,1762437875179.7292,1.0771751403808594,0.18453598022460938
1,4,15,1762437875229.4502,1762437875229.6643,0.21409988403320312,0.8630752563476562
1,5,16,1762437875280.212,1762437875280.745,0.5331039428710938,0.3190040588378906
1,6,17,1762437875331.0889,1762437875331.8079,0.7190704345703125,0.18596649169921875
1,7,18,1762437875382.0796,1762437875382.819,0.7395744323730469,0.020503997802734375
1,8,19,1762437875432.8462,1762437875433.8918,1.0457038879394531,0.30612945556640625
1,9,20,1762437875483.546,1762437875483.9133,0.3674030303955078,0.6783008575439453
1,10,21,1762437875534.4146,1762437875535.0073,0.5927085876464844,0.22530555725097656
1,11,22,1762437875585.31,1762437875586.056,0.7460117340087891,0.1533031463623047
1,12,23,1762437875636.0513,1762437875637.136,1.0848045349121094,0.3387928009033203
1,13,24,1762437875686.7588,1762437875687.1133,0.35452842712402344,0.7302761077880859
1,14,25,1762437875737.4941,1762437875738.1707,0.6763935089111328,0.3218650817871094
1,15,26,1762437875788.4585,1762437875789.358,0.8993148803710938,0.22292137145996094
1,16,27,1762437875840.6416,1762437875841.4236,0.782012939453125,0.11730194091796875
1,17,28,1762437875891.634,1762437875892.4827,0.8487701416015625,0.0667572021484375
1,18,29,1762437875942.4216,1762437875943.4211,0.99945068359375,0.1506805419921875
1,19,30,1762437875993.302,1762437875994.347,1.0447502136230469,0.045299530029296875
1,20,31,1762437876044.0647,1762437876044.2178,0.15306472778320312,0.8916854858398438
1,21,32,1762437876094.4624,1762437876095.152,0.6897449493408203,0.5366802215576172
1,22,33,1762437876145.1812,1762437876146.1191,0.9379386901855469,0.24819374084472656
1,23,34,1762437876196.2654,1762437876197.108,0.8425712585449219,0.095367431640625
1,24,35,1762437876247.0479,1762437876248.0605,1.012563705444336,0.16999244689941406
1,25,36,1762437876297.8516,1762437876298.041,0.1895427703857422,0.8230209350585938
1,26,37,1762437876349.7434,1762437876350.1646,0.42128562927246094,0.23174285888671875
1,27,38,1762437876401.6838,1762437876402.2637,0.579833984375,0.15854835510253906
1,28,39,1762437876452.5444,1762437876453.3435,0.7989406585693359,0.21910667419433594
1,29,40,1762437876503.4263,1762437876504.3223,0.8959770202636719,0.09703636169433594
1,30,41,1762437876554.2385,1762437876555.2834,1.0449886322021484,0.14901161193847656
1,31,42,1762437876606.2134,1762437876607.3135,1.1000633239746094,0.05507469177246094
1,32,43,1762437876657.1636,1762437876657.3325,0.16880035400390625,0.9312629699707031
1,33,44,1762437876707.981,1762437876708.407,0.4260540008544922,0.25725364685058594
1,34,45,1762437876758.8486,1762437876759.5322,0.6835460662841797,0.2574920654296875
1,35,46,1762437876809.9448,1762437876810.752,0.8070468902587891,0.12350082397460938
1,36,47,1762437876860.2168,1762437876860.8557,0.6389617919921875,0.16808509826660156
1,37,48,1762437876911.4207,1762437876911.8835,0.4630088806152344,0.17595291137695312
1,38,49,1762437876962.3396,1762437876963.147,0.8072853088378906,0.34427642822265625
1,39,50,1762437877013.5466,1762437877014.359,0.8122920989990234,0.0050067901611328125
1,40,51,1762437877064.3694,1762437877064.48,0.110626220703125,0.7016658782958984
1,41,52,1762437877114.891,1762437877115.6309,0.7398128509521484,0.6291866302490234
1,42,53,1762437877165.917,1762437877166.7349,0.8180141448974609,0.0782012939453125
1,43,54,1762437877216.7139,1762437877217.7998,1.0859966278076172,0.26798248291015625
1,44,55,1762437877267.7898,1762437877267.8926,0.10275840759277344,0.9832382202148438
1,45,56,1762437877319.082,1762437877320.01,0.9279251098632812,0.8251667022705078
1,46,57,1762437877369.6384,1762437877370.0874,0.4489421844482422,0.47898292541503906
1,47,58,1762437877420.6323,1762437877421.287,0.6546974182128906,0.20575523376464844
1,48,59,1762437877471.5874,1762437877472.357,0.7696151733398438,0.11491775512695312
1,49,60,1762437877522.678,1762437877523.4927,0.8146762847900391,0.04506111145019531
1,50,61,1762437877573.8823,1762437877574.609,0.7264614105224609,0.08821487426757812
1,51,62,1762437877624.126,1762437877624.5977,0.4715919494628906,0.2548694610595703
1,52,63,1762437877675.1443,1762437877675.7253,0.5810260772705078,0.10943412780761719
1,53,64,1762437877726.4678,1762437877726.9124,0.4444122314453125,0.1366138458251953
1,54,65,1762437877777.6829,1762437877778.141,0.4582405090332031,0.013828277587890625
1,55,66,1762437877827.721,1762437877828.4026,0.6816387176513672,0.22339820861816406
1,56,67,1762437877878.7483,1762437877879.6416,0.8933544158935547,0.2117156982421875
1,57,68,1762437877929.75,1762437877930.7576,1.0075569152832031,0.11420249938964844
1,58,69,1762437877980.9067,1762437877981.9001,0.9934902191162109,0.014066696166992188
1,59,70,1762437878032.1667,1762437878033.0837,0.9169578552246094,0.07653236389160156
1,60,71,1762437878084.2646,1762437878085.2236,0.9589195251464844,0.041961669921875
1,61,72,1762437878135.4443,1762437878136.3513,0.9069442749023438,0.051975250244140625
1,62,73,1762437878186.8079,1762437878187.6262,0.8182525634765625,0.08869171142578125
1,63,74,1762437878237.7632,1762437878238.7812,1.0180473327636719,0.19979476928710938
1,64,75,1762437878288.7324,1762437878289.8184,1.0857582092285156,0.06771087646484375
1,65,76,1762437878340.8713,1762437878341.0999,0.22840499877929688,0.8573532104492188
1,66,77,1762437878391.9194,1762437878392.2356,0.3161430358886719,0.087738037109375
1,67,78,1762437878442.7488,1762437878443.3618,0.6129741668701172,0.2968311309814453
1,68,79,1762437878493.659,1762437878494.5815,0.9224414825439453,0.3094673156738281
1,69,80,1762437878544.6675,1762437878544.7515,0.08392333984375,0.8385181427001953
1,70,81,1762437878596.8015,1762437878596.991,0.1895427703857422,0.10561943054199219
1,71,82,1762437878648.0518,1762437878649.1038,1.0521411895751953,0.8625984191894531
1,72,83,1762437878699.2612,1762437878700.2366,0.9753704071044922,0.07677078247070312
1,73,84,1762437878750.267,1762437878751.3716,1.104593276977539,0.12922286987304688
1,74,85,1762437878801.2292,1762437878801.332,0.10275840759277344,1.0018348693847656
1,75,86,1762437878853.361,1762437878854.4714,1.1103153228759766,1.0075569152832031
1,76,87,1762437878904.232,1762437878904.387,0.15497207641601562,0.9553432464599609
1,77,88,1762437878955.0232,1762437878955.3562,0.33283233642578125,0.17786026000976562
1,78,89,1762437879005.9426,1762437879006.348,0.40531158447265625,0.072479248046875
1,79,90,1762437879056.8076,1762437879057.3462,0.5385875701904297,0.13327598571777344
1,80,91,1762437879107.2822,1762437879108.3525,1.070261001586914,0.5316734313964844
1,81,92,1762437879158.331,1762437879158.446,0.11491775512695312,0.9553432464599609
1,82,93,1762437879209.1025,1762437879209.545,0.44226646423339844,0.3273487091064453
1,83,94,1762437879259.7625,1762437879260.6797,0.9171962738037109,0.4749298095703125
1,84,95,1762437879310.6187,1762437879310.6846,0.06604194641113281,0.8511543273925781
1,85,96,1762437879362.746,1762437879362.8755,0.12946128845214844,0.06341934204101562
1,86,97,1762437879413.7217,1762437879414.0508,0.3292560577392578,0.19979476928710938
1,87,98,1762437879464.6938,1762437879465.1519,0.45800209045410156,0.12874603271484375
1,88,99,1762437879515.7236,1762437879516.2156,0.49185752868652344,0.033855438232421875
1,89,100,1762437879566.7278,1762437879567.3374,0.6096363067626953,0.11777877807617188
1,90,101,1762437879618.842,1762437879619.6682,0.8261203765869141,0.21648406982421875
1,91,102,1762437879669.6145,1762437879669.833,0.21839141845703125,0.6077289581298828
1,92,103,1762437879720.8418,1762437879721.1316,0.28967857360839844,0.07128715515136719
1,93,104,1762437879771.858,1762437879772.3054,0.4475116729736328,0.15783309936523438
1,94,105,1762437879822.8296,1762437879823.5544,0.7250308990478516,0.27751922607421875
1,95,106,1762437879874.7954,1762437879875.759,0.9636878967285156,0.23865699768066406
1,96,107,1762437879925.7107,1762437879925.9019,0.19121170043945312,0.7724761962890625
1,97,108,1762437879976.7595,1762437879977.078,0.3185272216796875,0.12731552124023438
1,98,109,1762437880027.7515,1762437880028.1848,0.4334449768066406,0.11491775512695312
1,99,110,1762437880078.8093,1762437880079.335,0.5257129669189453,0.09226799011230469
1,100,111,1762437880129.6858,1762437880130.5476,0.8616447448730469,0.33593177795410156
1,101,112,1762437880180.7097,1762437880181.6868,0.9772777557373047,0.11563301086425781
1,102,113,1762437880231.5842,1762437880231.7935,0.2090930938720703,0.7681846618652344
1,103,114,1762437880282.3962,1762437880282.8083,0.4119873046875,0.2028942108154297
1,104,115,1762437880332.8896,1762437880333.81,0.9205341339111328,0.5085468292236328
1,105,116,1762437880383.7478,1762437880383.8174,0.06961822509765625,0.8509159088134766
1,106,117,1762437880434.7107,1762437880434.8418,0.13113021850585938,0.061511993408203125
1,107,118,1762437880486.0757,1762437880487.0027,0.926971435546875,0.7958412170410156
1,108,119,1762437880537.5205,1762437880538.0854,0.5650520324707031,0.3619194030761719
1,109,120,1762437880588.2986,1762437880589.3137,1.0151863098144531,0.45013427734375
1,110,121,1762437880639.5452,1762437880640.6082,1.0628700256347656,0.0476837158203125
1,111,122,1762437880690.7703,1762437880690.896,0.125885009765625,0.9369850158691406
1,112,123,1762437880741.8572,1762437880742.0837,0.22649765014648438,0.10061264038085938
1,113,124,1762437880793.1367,1762437880793.2366,0.09989738464355469,0.1266002655029297
1,114,125,1762437880843.1548,1762437880843.4392,0.28443336486816406,0.18453598022460938
1,115,126,1762437880894.2942,1762437880894.6255,0.3311634063720703,0.04673004150390625
1,116,127,1762437880945.3042,1762437880946.0713,0.7672309875488281,0.4360675811767578
1,117,128,1762437880996.6965,1762437880997.437,0.7405281066894531,0.026702880859375
1,118,129,1762437881047.5745,1762437881048.5442,0.9696483612060547,0.22912025451660156
1,119,130,1762437881097.983,1762437881098.5962,0.6132125854492188,0.35643577575683594
1,120,131,1762437881149.091,1762437881149.7402,0.6492137908935547,0.03600120544433594
1,121,132,1762437881200.2969,1762437881200.8274,0.5304813385009766,0.11873245239257812
1,122,133,1762437881251.076,1762437881251.8567,0.7808208465576172,0.2503395080566406
1,123,134,1762437881301.846,1762437881302.9368,1.0907649993896484,0.30994415283203125
1,124,135,1762437881353.7195,1762437881353.9897,0.2703666687011719,0.8203983306884766
1,125,136,1762437881404.4602,1762437881404.997,0.5369186401367188,0.2665519714355469
1,126,137,1762437881455.2166,1762437881456.0344,0.8177757263183594,0.2808570861816406
1,127,138,1762437881506.1511,1762437881507.1626,1.0113716125488281,0.19359588623046875
1,128,139,1762437881557.0225,1762437881557.1794,0.15687942504882812,0.8544921875
1,129,140,1762437881607.5068,1762437881608.363,0.8563995361328125,0.6995201110839844
1,130,141,1762437881658.4385,1762437881659.5247,1.0862350463867188,0.22983551025390625
1,131,142,1762437881709.212,1762437881709.579,0.36716461181640625,0.7190704345703125
1,132,143,1762437881760.0493,1762437881760.6294,0.5800724029541016,0.2129077911376953
1,133,144,1762437881811.4114,1762437881811.9248,0.5133152008056641,0.0667572021484375
1,134,145,1762437881862.4827,1762437881862.977,0.49424171447753906,0.019073486328125
1,135,146,1762437881913.408,1762437881914.0596,0.6515979766845703,0.15735626220703125
1,136,147,1762437881964.2332,1762437881965.094,0.8609294891357422,0.20933151245117188
1,137,148,1762437882014.986,1762437882015.0452,0.0591278076171875,0.8018016815185547
1,138,149,1762437882065.8052,1762437882066.0356,0.23055076599121094,0.17142295837402344
1,139,150,1762437882117.6965,1762437882118.1409,0.4444122314453125,0.21386146545410156
1,140,151,1762437882168.559,1762437882169.1511,0.5919933319091797,0.1475811004638672
1,141,152,1762437882219.7585,1762437882220.1338,0.3752708435058594,0.2167224884033203
1,142,153,1762437882270.6934,1762437882271.2788,0.5855560302734375,0.21028518676757812
1,143,154,1762437882321.544,1762437882322.3584,0.8144378662109375,0.2288818359375
1,144,155,1762437882371.7603,1762437882372.3086,0.5481243133544922,0.2663135528564453
1,145,156,1762437882422.556,1762437882423.3428,0.7867813110351562,0.23865699768066406
1,146,157,1762437882473.2634,1762437882473.38,0.1163482666015625,0.6704330444335938
1,147,158,1762437882524.0752,1762437882524.4263,0.3509521484375,0.2346038818359375
1,148,159,1762437882574.9001,1762437882575.4663,0.5662441253662109,0.21529197692871094
1,149,160,1762437882626.816,1762437882627.5828,0.7669925689697266,0.20074844360351562
1,150,161,1762437882677.7573,1762437882678.5364,0.7791519165039062,0.012159347534179688
1,151,162,1762437882728.5254,1762437882729.5283,1.0030269622802734,0.2238750457763672
1,152,163,1762437882779.4167,1762437882780.4067,0.9899139404296875,0.013113021850585938
1,153,164,1762437882830.1938,1762437882830.345,0.15115737915039062,0.8387565612792969
1,154,165,1762437882880.399,1762437882881.3237,0.9248256683349609,0.7736682891845703
1,155,166,1762437882931.2285,1762437882931.3208,0.09226799011230469,0.8325576782226562
1,156,167,1762437882982.2173,1762437882982.2927,0.07534027099609375,0.016927719116210938
1,157,168,1762437883033.0479,1762437883033.299,0.2510547637939453,0.17571449279785156
1,158,169,1762437883083.9148,1762437883084.3823,0.46753883361816406,0.21648406982421875
1,159,170,1762437883135.8623,1762437883136.4597,0.5974769592285156,0.12993812561035156
1,160,171,1762437883186.7588,1762437883187.535,0.7760524749755859,0.1785755157470703
1,161,172,1762437883237.7026,1762437883238.5078,0.8051395416259766,0.029087066650390625
1,162,173,1762437883288.6365,1762437883289.588,0.9515285491943359,0.14638900756835938
1,163,174,1762437883339.8499,1762437883340.8271,0.9772777557373047,0.02574920654296875
1,164,175,1762437883391.05,1762437883392.1143,1.0640621185302734,0.08678436279296875
1,165,176,1762437883442.217,1762437883442.2898,0.07271766662597656,0.9913444519042969
1,166,177,1762437883493.4685,1762437883493.602,0.133514404296875,0.06079673767089844
1,167,178,1762437883544.576,1762437883544.9211,0.3452301025390625,0.2117156982421875
1,168,179,1762437883594.9453,1762437883595.0962,0.15091896057128906,0.19431114196777344
1,169,180,1762437883646.1943,1762437883646.428,0.23365020751953125,0.08273124694824219
1,170,181,1762437883697.5154,1762437883698.5427,1.0273456573486328,0.7936954498291016
1,171,182,1762437883748.7458,1762437883749.6938,0.9479522705078125,0.07939338684082031
1,172,183,1762437883799.3206,1762437883800.2803,0.9598731994628906,0.011920928955078125
1,173,184,1762437883849.538,1762437883850.4749,0.9367465972900391,0.023126602172851562
1,174,185,1762437883900.7727,1762437883901.616,0.843048095703125,0.09369850158691406
1,175,186,1762437883951.776,1762437883952.8286,1.0528564453125,0.209808349609375
1,176,187,1762437884002.7683,1762437884002.8435,0.07534027099609375,0.9775161743164062
1,177,188,1762437884053.6985,1762437884053.883,0.18453598022460938,0.10919570922851562
1,178,189,1762437884104.2031,1762437884105.1096,0.9064674377441406,0.7219314575195312
1,179,190,1762437884155.5703,1762437884156.293,0.7226467132568359,0.1838207244873047
1,180,191,1762437884206.8975,1762437884207.4746,0.5772113800048828,0.14543533325195312
1,181,192,1762437884258.2104,1762437884258.6187,0.408172607421875,0.1690387725830078
1,182,193,1762437884309.513,1762437884309.8333,0.3204345703125,0.087738037109375
1,183,194,1762437884359.5693,1762437884359.8748,0.30541419982910156,0.015020370483398438
1,184,195,1762437884410.6394,1762437884410.9446,0.30517578125,0.0002384185791015625
1,185,196,1762437884461.7678,1762437884462.0737,0.3058910369873047,0.0007152557373046875
1,186,197,1762437884513.0847,1762437884513.219,0.1342296600341797,0.171661376953125
1,187,198,1762437884564.4807,1762437884565.5134,1.0325908660888672,0.8983612060546875
1,188,199,1762437884614.798,1762437884615.6443,0.8461475372314453,0.18644332885742188
1,189,200,1762437884665.7788,1762437884666.8123,1.0333061218261719,0.18715858459472656
1,190,201,1762437884717.1228,1762437884717.9006,0.7777214050292969,0.255584716796875
1,191,202,1762437884768.5432,1762437884769.1233,0.5800724029541016,0.1976490020751953
1,192,203,1762437884819.6997,1762437884820.3145,0.6146430969238281,0.03457069396972656
1,193,204,1762437884870.209,1762437884870.4858,0.27680397033691406,0.33783912658691406
1,194,205,1762437884921.3591,1762437884921.6594,0.30040740966796875,0.023603439331054688
1,195,206,1762437884972.2122,1762437884972.7622,0.5500316619873047,0.24962425231933594
1,196,207,1762437885023.1343,1762437885024.1685,1.0342597961425781,0.48422813415527344
1,197,208,1762437885074.6914,1762437885075.6409,0.9496212005615234,0.08463859558105469
1,198,209,1762437885125.2715,1762437885125.7478,0.4763603210449219,0.47326087951660156
1,199,210,1762437885176.4812,1762437885176.8618,0.38051605224609375,0.09584426879882812
1,200,211,1762437885227.5254,1762437885228.2385,0.7131099700927734,0.3325939178466797
1,201,212,1762437885278.3914,1762437885279.2104,0.8192062377929688,0.10609626770019531
1,202,213,1762437885329.1436,1762437885330.1958,1.0523796081542969,0.23317337036132812
1,203,214,1762437885379.7153,1762437885380.2908,0.5753040313720703,0.47707557678222656
1,204,215,1762437885431.0488,1762437885431.5574,0.5085468292236328,0.0667572021484375
1,205,216,1762437885482.2986,1762437885482.6423,0.3437995910644531,0.1647472381591797
1,206,217,1762437885533.5713,1762437885533.7961,0.22482872009277344,0.11897087097167969
1,207,218,1762437885584.6082,1762437885584.9307,0.32258033752441406,0.09775161743164062
1,208,219,1762437885636.5984,1762437885637.0498,0.4515647888183594,0.1289844512939453
1,209,220,1762437885687.7717,1762437885688.308,0.5362033843994141,0.08463859558105469
1,210,221,1762437885739.828,1762437885740.8132,0.9853839874267578,0.44918060302734375
1,211,222,1762437885791.6208,1762437885792.0232,0.40221214294433594,0.5831718444824219
1,212,223,1762437885843.139,1762437885843.3145,0.17547607421875,0.22673606872558594
1,213,224,1762437885894.456,1762437885895.5303,1.074075698852539,0.8985996246337891
1,214,225,1762437885945.325,1762437885945.4905,0.16546249389648438,0.9086132049560547
1,215,226,1762437885996.6362,1762437885997.6335,0.9973049163818359,0.8318424224853516
1,216,227,1762437886047.8083,1762437886048.7,0.8914470672607422,0.10585784912109375
1,217,228,1762437886098.7373,1762437886099.8054,1.068115234375,0.1766681671142578
1,218,229,1762437886149.936,1762437886150.9238,0.9877681732177734,0.08034706115722656
1,219,230,1762437886200.9944,1762437886201.9387,0.9441375732421875,0.04363059997558594
1,220,231,1762437886252.3252,1762437886252.9658,0.6406307220458984,0.30350685119628906
1,221,232,1762437886303.5127,1762437886304.0579,0.5450248718261719,0.09560585021972656
1,222,233,1762437886354.6184,1762437886355.647,1.0287761688232422,0.4837512969970703
1,223,234,1762437886405.1338,1762437886405.8958,0.7619857788085938,0.26679039001464844
1,224,235,1762437886456.3237,1762437886456.9968,0.6732940673828125,0.08869171142578125
1,225,236,1762437886507.8,1762437886508.2622,0.4620552062988281,0.21123886108398438
1,226,237,1762437886559.4236,1762437886560.5317,1.1081695556640625,0.6461143493652344
1,227,238,1762437886610.9048,1762437886611.7695,0.8647441864013672,0.2434253692626953
1,228,239,1762437886662.0222,1762437886662.8708,0.8487701416015625,0.015974044799804688
1,229,240,1762437886712.8796,1762437886713.8323,0.9527206420898438,0.10395050048828125
1,230,241,1762437886763.6914,1762437886763.8823,0.19097328186035156,0.7617473602294922
1,231,242,1762437886814.3865,1762437886814.889,0.5025863647460938,0.3116130828857422
1,232,243,1762437886866.2266,1762437886866.9407,0.7140636444091797,0.21147727966308594
1,233,244,1762437886917.0015,1762437886917.933,0.9317398071289062,0.21767616271972656
1,234,245,1762437886967.7866,1762437886967.8635,0.07700920104980469,0.8547306060791016
1,235,246,1762437887018.5876,1762437887018.815,0.22745132446289062,0.15044212341308594
1,236,247,1762437887069.4688,1762437887069.7988,0.3299713134765625,0.10251998901367188
1,237,248,1762437887119.6016,1762437887119.7415,0.1399517059326172,0.1900196075439453
1,238,249,1762437887170.42,1762437887170.7644,0.3445148468017578,0.20456314086914062
1,239,250,1762437887221.3892,1762437887221.7114,0.3223419189453125,0.022172927856445312
1,240,251,1762437887272.2546,1762437887272.6658,0.41103363037109375,0.08869171142578125
1,241,252,1762437887323.0576,1762437887323.6174,0.5598068237304688,0.148773193359375
1,242,253,1762437887374.8965,1762437887375.645,0.7483959197998047,0.18858909606933594
1,243,254,1762437887425.943,1762437887426.6694,0.7262229919433594,0.022172927856445312
1,244,255,1762437887477.103,1762437887477.9421,0.8392333984375,0.11301040649414062
1,245,256,1762437887528.0806,1762437887529.0527,0.9722709655761719,0.13303756713867188
1,246,257,1762437887579.231,1762437887580.3257,1.0945796966552734,0.12230873107910156
1,247,258,1762437887629.3796,1762437887630.3745,0.9946823120117188,0.09989738464355469
1,248,259,1762437887680.4668,1762437887681.5642,1.0972023010253906,0.10251998901367188
1,249,260,1762437887731.5293,1762437887731.848,0.31876564025878906,0.7784366607666016
1,250,261,1762437887782.4321,1762437887783.0764,0.6444454193115234,0.3256797790527344
1,251,262,1762437887833.111,1762437887834.0942,0.9832382202148438,0.3387928009033203
1,252,263,1762437887885.178,1762437887885.264,0.0858306884765625,0.8974075317382812
1,253,264,1762437887936.3572,1762437887936.5625,0.2052783966064453,0.11944770812988281
1,254,265,1762437887987.88,1762437887988.9436,1.0635852813720703,0.858306884765625
1,255,266,1762437888039.0496,1762437888040.128,1.0783672332763672,0.014781951904296875
1,256,267,1762437888090.3782,1762437888091.29,0.911712646484375,0.1666545867919922
1,257,268,1762437888140.5647,1762437888141.355,0.7903575897216797,0.12135505676269531
1,258,269,1762437888191.6416,1762437888192.479,0.8373260498046875,0.04696846008300781
1,259,270,1762437888242.4558,1762437888243.4417,0.9858608245849609,0.14853477478027344
1,260,271,1762437888293.3176,1762437888293.4214,0.10395050048828125,0.8819103240966797
1,261,272,1762437888344.4768,1762437888344.5957,0.11897087097167969,0.015020370483398438
1,262,273,1762437888394.7222,1762437888394.887,0.1647472381591797,0.0457763671875
1,263,274,1762437888446.854,1762437888447.0688,0.2148151397705078,0.050067901611328125
1,264,275,1762437888497.9946,1762437888498.1943,0.1995563507080078,0.0152587890625
1,265,276,1762437888549.0232,1762437888549.1643,0.141143798828125,0.05841255187988281
1,266,277,1762437888599.876,1762437888600.1702,0.2942085266113281,0.15306472778320312
1,267,278,1762437888650.699,1762437888651.1667,0.4677772521972656,0.1735687255859375
1,268,279,1762437888701.538,1762437888702.1816,0.6434917449951172,0.17571449279785156
1,269,280,1762437888752.3296,1762437888753.128,0.7984638214111328,0.15497207641601562
1,270,281,1762437888803.1797,1762437888804.0874,0.9076595306396484,0.10919570922851562
1,271,282,1762437888853.275,1762437888854.1338,0.8590221405029297,0.04863739013671875
1,272,283,1762437888904.3901,1762437888905.309,0.9191036224365234,0.06008148193359375
1,273,284,1762437888955.4622,1762437888956.5547,1.0924339294433594,0.17333030700683594
1,274,285,1762437889006.484,1762437889006.7551,0.2713203430175781,0.8211135864257812
1,275,286,1762437889057.6008,1762437889057.9246,0.3237724304199219,0.05245208740234375
1,276,287,1762437889107.7214,1762437889108.0332,0.31185150146484375,0.011920928955078125
1,277,288,1762437889159.0122,1762437889160.146,1.1336803436279297,0.8218288421630859
1,278,289,1762437889210.331,1762437889211.215,0.8840560913085938,0.24962425231933594
1,279,290,1762437889261.1616,1762437889262.2227,1.0612010955810547,0.17714500427246094
1,280,291,1762437889311.9832,1762437889312.1174,0.1342296600341797,0.926971435546875
1,281,292,1762437889362.0315,1762437889362.1333,0.10180473327636719,0.0324249267578125
1,282,293,1762437889413.3596,1762437889414.4797,1.1200904846191406,1.0182857513427734
1,283,294,1762437889464.561,1762437889464.6826,0.12159347534179688,0.9984970092773438
1,284,295,1762437889515.636,1762437889515.7273,0.09131431579589844,0.030279159545898438
1,285,296,1762437889566.673,1762437889566.8013,0.12826919555664062,0.03695487976074219
1,286,297,1762437889616.6978,1762437889616.816,0.11801719665527344,0.010251998901367188
1,287,298,1762437889667.4458,1762437889667.806,0.3600120544433594,0.24199485778808594
1,288,299,1762437889718.2915,1762437889718.783,0.4913806915283203,0.13136863708496094
1,289,300,1762437889769.1133,1762437889769.7732,0.659942626953125,0.1685619354248047
1,290,301,1762437889819.7383,1762437889820.6953,0.9570121765136719,0.2970695495605469
1,291,302,1762437889871.8381,1762437889872.8052,0.9670257568359375,0.010013580322265625
1,292,303,1762437889923.002,1762437889923.9597,0.9577274322509766,0.009298324584960938
1,293,304,1762437889974.5017,1762437889975.212,0.7102489471435547,0.24747848510742188
1,294,305,1762437890026.1177,1762437890026.4333,0.31566619873046875,0.39458274841308594
1,295,306,1762437890077.4116,1762437890077.5977,0.18596649169921875,0.12969970703125
2,1,12,1762437875077.0999,1762437875078.0095,0.9098052978515625,0.0
2,2,13,1762437875127.8936,1762437875128.9639,1.0704994201660156,0.16069412231445312
2,3,14,1762437875178.6885,1762437875178.972,0.2834796905517578,0.7870197296142578
2,4,15,1762437875229.481,1762437875230.0908,0.6098747253417969,0.32639503479003906
2,5,16,1762437875280.2554,1762437875281.1445,0.8893013000488281,0.27942657470703125
2,6,17,1762437875331.123,1762437875332.2024,1.0793209075927734,0.1900196075439453
2,7,18,1762437875382.1167,1762437875382.2654,0.14853477478027344,0.9307861328125
2,8,19,1762437875432.8787,1762437875433.3137,0.43487548828125,0.28634071350097656
2,9,20,1762437875483.581,1762437875484.4233,0.8423328399658203,0.4074573516845703
2,10,21,1762437875534.451,1762437875535.4963,1.04522705078125,0.2028942108154297
2,11,22,1762437875585.3445,1762437875585.5015,0.15687942504882812,0.8883476257324219
2,12,23,1762437875636.0867,1762437875636.536,0.44918060302734375,0.2923011779785156
2,13,24,1762437875686.788,1762437875687.5852,0.7970333099365234,0.3478527069091797
2,14,25,1762437875737.5251,1762437875738.608,1.0826587677001953,0.2856254577636719
2,15,26,1762437875788.4956,1762437875788.702,0.20647048950195312,0.8761882781982422
2,16,27,1762437875840.6924,1762437875840.948,0.25582313537597656,0.04935264587402344
2,17,28,1762437875891.6672,1762437875892.0452,0.3781318664550781,0.12230873107910156
2,18,29,1762437875942.456,1762437875943.155,0.6990432739257812,0.3209114074707031
2,19,30,1762437875993.3357,1762437875994.1387,0.8029937744140625,0.10395050048828125
2,20,31,1762437876044.0972,1762437876045.176,1.0788440704345703,0.2758502960205078
2,21,32,1762437876094.4915,1762437876095.0374,0.5459785461425781,0.5328655242919922
2,22,33,1762437876145.2131,1762437876145.9622,0.7491111755371094,0.20313262939453125
2,23,34,1762437876196.3008,1762437876196.9978,0.6971359252929688,0.051975250244140625
2,24,35,1762437876247.089,1762437876248.0322,0.9431838989257812,0.2460479736328125
2,25,36,1762437876297.8896,1762437876298.062,0.1723766326904297,0.7708072662353516
2,26,37,1762437876349.7773,1762437876350.1653,0.3879070281982422,0.2155303955078125
2,27,38,1762437876401.7166,1762437876402.2158,0.4992485046386719,0.11134147644042969
2,28,39,1762437876452.5806,1762437876453.0627,0.48232078552246094,0.016927719116210938
2,29,40,1762437876503.462,1762437876503.9502,0.48828125,0.0059604644775390625
2,30,41,1762437876554.2856,1762437876554.8496,0.5640983581542969,0.07581710815429688
2,31,42,1762437876606.2578,1762437876606.8267,0.5688667297363281,0.00476837158203125
2,32,43,1762437876657.1982,1762437876657.7654,0.5671977996826172,0.0016689300537109375
2,33,44,1762437876708.0105,1762437876708.7356,0.7252693176269531,0.15807151794433594
2,34,45,1762437876758.8857,1762437876759.9087,1.0230541229248047,0.29778480529785156
2,35,46,1762437876809.9846,1762437876810.188,0.2033710479736328,0.8196830749511719
2,36,47,1762437876860.288,1762437876861.274,0.9858608245849609,0.7824897766113281
2,37,48,1762437876911.457,1762437876912.3848,0.9276866912841797,0.05817413330078125
2,38,49,1762437876962.38,1762437876963.4768,1.096963882446289,0.16927719116210938
2,39,50,1762437877013.5842,1762437877014.682,1.0976791381835938,0.0007152557373046875
2,40,51,1762437877064.398,1762437877064.7773,0.37932395935058594,0.7183551788330078
2,41,52,1762437877114.9666,1762437877115.9517,0.9849071502685547,0.6055831909179688
2,42,53,1762437877165.957,1762437877166.131,0.17404556274414062,0.8108615875244141
2,43,54,1762437877216.7473,1762437877217.1387,0.3914833068847656,0.217437744140625
2,44,55,1762437877267.838,1762437877268.2844,0.446319580078125,0.054836273193359375
2,45,56,1762437877319.121,1762437877319.3564,0.2353191375732422,0.2110004425048828
2,46,57,1762437877369.681,1762437877370.4658,0.7848739624023438,0.5495548248291016
2,47,58,1762437877420.6658,1762437877421.5571,0.8914470672607422,0.10657310485839844
2,48,59,1762437877471.6143,1762437877472.6858,1.0714530944824219,0.1800060272216797
2,49,60,1762437877522.7173,1762437877522.8315,0.11420249938964844,0.9572505950927734
2,50,61,1762437877573.9211,1762437877574.0664,0.14519691467285156,0.030994415283203125
2,51,62,1762437877624.1558,1762437877624.2512,0.095367431640625,0.04982948303222656
2,52,63,1762437877675.1895,1762437877675.4297,0.24008750915527344,0.14472007751464844
2,53,64,1762437877726.5002,1762437877726.6194,0.11920928955078125,0.12087821960449219
2,54,65,1762437877777.715,1762437877778.8145,1.0995864868164062,0.980377197265625
2,55,66,1762437877827.746,1762437877828.8308,1.0845661163330078,0.015020370483398438
2,56,67,1762437877878.7825,1762437877879.877,1.0943412780761719,0.009775161743164062
2,57,68,1762437877929.7844,1762437877929.8616,0.07700920104980469,1.0173320770263672
2,58,69,1762437877980.9402,1762437877981.972,1.0318756103515625,0.9548664093017578
2,59,70,1762437878032.2017,1762437878033.0305,0.8287429809570312,0.20313262939453125
2,60,71,1762437878084.2974,1762437878085.1484,0.8509159088134766,0.022172927856445312
2,61,72,1762437878135.4768,1762437878136.2017,0.72479248046875,0.12612342834472656
2,62,73,1762437878186.8506,1762437878187.4465,0.5960464477539062,0.12874603271484375
2,63,74,1762437878237.802,1762437878238.6895,0.8873939514160156,0.2913475036621094
2,64,75,1762437878288.7666,1762437878289.831,1.0645389556884766,0.17714500427246094
2,65,76,1762437878340.9048,1762437878341.9417,1.0368824005126953,0.02765655517578125
2,66,77,1762437878391.955,1762437878392.9922,1.0371208190917969,0.0002384185791015625
2,67,78,1762437878442.784,1762437878443.2126,0.42891502380371094,0.6082057952880859
2,68,79,1762437878493.6982,1762437878494.4216,0.7233619689941406,0.2944469451904297
2,69,80,1762437878544.7034,1762437878545.54,0.8366107940673828,0.11324882507324219
2,70,81,1762437878596.8328,1762437878597.6665,0.8337497711181641,0.00286102294921875
2,71,82,1762437878648.086,1762437878648.7651,0.6792545318603516,0.1544952392578125
2,72,83,1762437878699.291,1762437878699.9214,0.6303787231445312,0.04887580871582031
2,73,84,1762437878750.2983,1762437878751.027,0.7288455963134766,0.09846687316894531
2,74,85,1762437878801.2898,1762437878802.174,0.8842945098876953,0.15544891357421875
2,75,86,1762437878853.3967,1762437878854.3572,0.9605884552001953,0.0762939453125
2,76,87,1762437878904.2656,1762437878904.4038,0.1380443572998047,0.8225440979003906
2,77,88,1762437878955.0562,1762437878955.4072,0.3509521484375,0.2129077911376953
2,78,89,1762437879005.9873,1762437879006.4924,0.5049705505371094,0.15401840209960938
2,79,90,1762437879056.8623,1762437879057.5557,0.6933212280273438,0.18835067749023438
2,80,91,1762437879107.3235,1762437879107.6038,0.2803802490234375,0.41294097900390625
2,81,92,1762437879158.3665,1762437879158.703,0.3364086151123047,0.05602836608886719
2,82,93,1762437879209.1335,1762437879209.7524,0.6186962127685547,0.28228759765625
2,83,94,1762437879259.7922,1762437879260.792,0.9996891021728516,0.3809928894042969
2,84,95,1762437879310.653,1762437879310.783,0.12993812561035156,0.8697509765625
2,85,96,1762437879362.7893,1762437879362.938,0.14853477478027344,0.018596649169921875
2,86,97,1762437879413.7568,1762437879414.0505,0.293731689453125,0.14519691467285156
2,87,98,1762437879464.735,1762437879465.1238,0.38886070251464844,0.09512901306152344
2,88,99,1762437879515.7607,1762437879516.29,0.5292892456054688,0.1404285430908203
2,89,100,1762437879566.7634,1762437879567.4993,0.7357597351074219,0.20647048950195312
2,90,101,1762437879618.878,1762437879619.768,0.8902549743652344,0.1544952392578125
2,91,102,1762437879669.6587,1762437879669.985,0.32639503479003906,0.5638599395751953
2,92,103,1762437879720.8904,1762437879721.2258,0.33545494079589844,0.009059906005859375
2,93,104,1762437879771.8933,1762437879772.3164,0.42319297790527344,0.087738037109375
2,94,105,1762437879822.8699,1762437879823.5527,0.6830692291259766,0.2598762512207031
2,95,106,1762437879874.846,1762437879875.9006,1.0547637939453125,0.37169456481933594
2,96,107,1762437879925.7446,1762437879926.0908,0.34618377685546875,0.7085800170898438
2,97,108,1762437879976.799,1762437879977.2192,0.4203319549560547,0.07414817810058594
2,98,109,1762437880027.792,1762437880028.2837,0.4916191101074219,0.07128715515136719
2,99,110,1762437880078.8518,1762437880079.5476,0.6959438323974609,0.20432472229003906
2,100,111,1762437880129.7275,1762437880129.8367,0.10895729064941406,0.5869865417480469
2,101,112,1762437880180.7407,1762437880180.9785,0.2377033233642578,0.12874603271484375
2,102,113,1762437880231.6187,1762437880232.061,0.4425048828125,0.2048015594482422
2,103,114,1762437880282.4307,1762437880283.1252,0.6945133209228516,0.25200843811035156
2,104,115,1762437880332.9182,1762437880333.1763,0.2582073211669922,0.4363059997558594
2,105,116,1762437880383.782,1762437880384.2642,0.48232078552246094,0.22411346435546875
2,106,117,1762437880434.7554,1762437880435.3586,0.6034374237060547,0.12111663818359375
2,107,118,1762437880486.1238,1762437880486.6245,0.5006790161132812,0.10275840759277344
2,108,119,1762437880537.5635,1762437880537.8943,0.3306865692138672,0.16999244689941406
2,109,120,1762437880588.3362,1762437880589.1616,0.8254051208496094,0.4947185516357422
2,110,121,1762437880639.5803,1762437880640.3328,0.7524490356445312,0.07295608520507812
2,111,122,1762437880690.807,1762437880691.4119,0.6051063537597656,0.14734268188476562
2,112,123,1762437880741.8955,1762437880742.559,0.66375732421875,0.058650970458984375
2,113,124,1762437880793.175,1762437880793.7473,0.5724430084228516,0.09131431579589844
2,114,125,1762437880843.1938,1762437880843.8281,0.6344318389892578,0.06198883056640625
2,115,126,1762437880894.3406,1762437880894.9219,0.5812644958496094,0.05316734313964844
2,116,127,1762437880945.3462,1762437880946.08,0.7338523864746094,0.152587890625
2,117,128,1762437880996.7415,1762437880997.417,0.6754398345947266,0.05841255187988281
2,118,129,1762437881047.6135,1762437881048.5728,0.9591579437255859,0.2837181091308594
2,119,130,1762437881098.0159,1762437881098.9006,0.8847713470458984,0.0743865966796875
2,120,131,1762437881149.143,1762437881150.0764,0.9334087371826172,0.04863739013671875
2,121,132,1762437881200.332,1762437881201.2908,0.9589195251464844,0.025510787963867188
2,122,133,1762437881251.1125,1762437881251.2625,0.1499652862548828,0.8089542388916016
2,123,134,1762437881301.8845,1762437881302.279,0.39458274841308594,0.24461746215820312
2,124,135,1762437881353.7617,1762437881354.349,0.58746337890625,0.19288063049316406
2,125,136,1762437881404.5002,1762437881405.4043,0.904083251953125,0.316619873046875
2,126,137,1762437881455.2764,1762437881456.3474,1.0712146759033203,0.1671314239501953
2,127,138,1762437881506.194,1762437881506.3682,0.17404556274414062,0.8971691131591797
2,128,139,1762437881557.0608,1762437881557.6318,0.5710124969482422,0.39696693420410156
2,129,140,1762437881607.5486,1762437881607.8123,0.2636909484863281,0.30732154846191406
2,130,141,1762437881658.4802,1762437881658.9785,0.4982948303222656,0.2346038818359375
2,131,142,1762437881709.2593,1762437881710.074,0.8146762847900391,0.31638145446777344
2,132,143,1762437881760.0908,1762437881760.2688,0.17786026000976562,0.6368160247802734
2,133,144,1762437881811.4575,1762437881812.4583,1.0006427764892578,0.8227825164794922
2,134,145,1762437881862.5288,1762437881863.514,0.9851455688476562,0.015497207641601562
2,135,146,1762437881913.4497,1762437881914.55,1.100301742553711,0.11515617370605469
2,136,147,1762437881964.282,1762437881964.5032,0.22125244140625,0.8790493011474609
2,137,148,1762437882015.0215,1762437882015.5212,0.499725341796875,0.278472900390625
2,138,149,1762437882065.8362,1762437882066.5032,0.6670951843261719,0.16736984252929688
2,139,150,1762437882117.734,1762437882118.5117,0.7777214050292969,0.110626220703125
2,140,151,1762437882168.7368,1762437882169.4944,0.7574558258056641,0.020265579223632812
2,141,152,1762437882219.8018,1762437882220.57,0.7684230804443359,0.010967254638671875
2,142,153,1762437882270.7317,1762437882271.7017,0.9698867797851562,0.2014636993408203
2,143,154,1762437882321.583,1762437882321.739,0.15592575073242188,0.8139610290527344
2,144,155,1762437882371.7993,1762437882372.7468,0.9474754333496094,0.7915496826171875
2,145,156,1762437882422.5867,1762437882422.7163,0.12969970703125,0.8177757263183594
2,146,157,1762437882473.2898,1762437882473.7664,0.47659873962402344,0.34689903259277344
2,147,158,1762437882524.112,1762437882524.7925,0.6804466247558594,0.20384788513183594
2,148,159,1762437882574.9353,1762437882575.8066,0.8714199066162109,0.19097328186035156
2,149,160,1762437882626.8647,1762437882627.9336,1.0688304901123047,0.19741058349609375
2,150,161,1762437882677.8042,1762437882677.8818,0.07772445678710938,0.9911060333251953
2,151,162,1762437882728.5618,1762437882728.927,0.3650188446044922,0.2872943878173828
2,152,163,1762437882779.4521,1762437882779.9531,0.5011558532714844,0.1361370086669922
2,153,164,1762437882830.2268,1762437882830.9639,0.7369518280029297,0.2357959747314453
2,154,165,1762437882880.434,1762437882880.874,0.4398822784423828,0.2970695495605469
2,155,166,1762437882931.274,1762437882931.8381,0.5640983581542969,0.12421607971191406
2,156,167,1762437882982.2637,1762437882982.804,0.5404949188232422,0.023603439331054688
2,157,168,1762437883033.1436,1762437883033.846,0.7023811340332031,0.16188621520996094
2,158,169,1762437883083.9456,1762437883084.8245,0.8790493011474609,0.1766681671142578
2,159,170,1762437883135.9202,1762437883136.904,0.9839534759521484,0.1049041748046875
2,160,171,1762437883186.7954,1762437883187.8552,1.0597705841064453,0.07581710815429688
2,161,172,1762437883237.7385,1762437883237.7925,0.053882598876953125,1.0058879852294922
2,162,173,1762437883288.6746,1762437883288.7527,0.0782012939453125,0.024318695068359375
2,163,174,1762437883339.8801,1762437883339.9602,0.07987022399902344,0.0016689300537109375
2,164,175,1762437883391.09,1762437883391.2136,0.12350082397460938,0.04363059997558594
2,165,176,1762437883442.2703,1762437883443.3508,1.0805130004882812,0.9570121765136719
2,166,177,1762437883493.5051,1762437883494.5952,1.0900497436523438,0.0095367431640625
2,167,178,1762437883544.6191,1762437883545.6545,1.035451889038086,0.05459785461425781
2,168,179,1762437883594.9866,1762437883595.8608,0.8740425109863281,0.1614093780517578
2,169,180,1762437883646.2388,1762437883647.09,0.8513927459716797,0.022649765014648438
2,170,181,1762437883697.5686,1762437883698.301,0.732421875,0.11897087097167969
2,171,182,1762437883748.7837,1762437883749.4355,0.6518363952636719,0.08058547973632812
2,172,183,1762437883799.3608,1762437883800.1243,0.7634162902832031,0.11157989501953125
2,173,184,1762437883849.5796,1762437883850.4233,0.8437633514404297,0.08034706115722656
2,174,185,1762437883900.8123,1762437883901.697,0.8847713470458984,0.04100799560546875
2,175,186,1762437883951.8137,1762437883952.806,0.9922981262207031,0.10752677917480469
2,176,187,1762437884002.8132,1762437884002.896,0.08273124694824219,0.9095668792724609
2,177,188,1762437884053.7344,1762437884054.105,0.3707408905029297,0.2880096435546875
2,178,189,1762437884104.2397,1762437884105.3518,1.112222671508789,0.7414817810058594
2,179,190,1762437884155.6099,1762437884156.489,0.8790493011474609,0.23317337036132812
2,180,191,1762437884206.9343,1762437884207.9233,0.9891986846923828,0.11014938354492188
2,181,192,1762437884258.2612,1762437884259.1416,0.8804798126220703,0.1087188720703125
2,182,193,1762437884309.564,1762437884310.2322,0.6682872772216797,0.21219253540039062
2,183,194,1762437884359.606,1762437884360.3875,0.7815361022949219,0.11324882507324219
2,184,195,1762437884410.6772,1762437884411.437,0.7598400115966797,0.021696090698242188
2,185,196,1762437884461.8108,1762437884462.6091,0.7982254028320312,0.03838539123535156
2,186,197,1762437884513.1233,1762437884513.7292,0.6060600280761719,0.19216537475585938
2,187,198,1762437884564.5293,1762437884564.8535,0.324249267578125,0.2818107604980469
2,188,199,1762437884614.8323,1762437884615.9353,1.1031627655029297,0.7789134979248047
2,189,200,1762437884665.8174,1762437884665.9238,0.10633468627929688,0.9968280792236328
2,190,201,1762437884717.1733,1762437884718.166,0.9927749633789062,0.8864402770996094
2,191,202,1762437884768.5955,1762437884769.4543,0.8587837219238281,0.13399124145507812
2,192,203,1762437884819.7415,1762437884820.6218,0.8802413940429688,0.021457672119140625
2,193,204,1762437884870.261,1762437884870.8054,0.5445480346679688,0.335693359375
2,194,205,1762437884921.3948,1762437884921.923,0.5283355712890625,0.01621246337890625
2,195,206,1762437884972.2634,1762437884972.9868,0.7236003875732422,0.1952648162841797
2,196,207,1762437885023.1802,1762437885024.221,1.0406970977783203,0.3170967102050781
2,197,208,1762437885074.7456,1762437885075.5547,0.8089542388916016,0.23174285888671875
2,198,209,1762437885125.3691,1762437885125.6204,0.2512931823730469,0.5576610565185547
2,199,210,1762437885176.5188,1762437885176.793,0.2741813659667969,0.02288818359375
2,200,211,1762437885227.5671,1762437885227.892,0.3249645233154297,0.05078315734863281
2,201,212,1762437885278.4272,1762437885278.9302,0.5028247833251953,0.17786026000976562
2,202,213,1762437885329.1758,1762437885330.0378,0.86212158203125,0.3592967987060547
2,203,214,1762437885379.7573,1762437885380.2954,0.5381107330322266,0.32401084899902344
2,204,215,1762437885431.0918,1762437885431.7673,0.6754398345947266,0.1373291015625
2,205,216,1762437885482.3325,1762437885483.0269,0.69427490234375,0.018835067749023438
2,206,217,1762437885533.6174,1762437885534.2598,0.6422996520996094,0.051975250244140625
2,207,218,1762437885584.6504,1762437885585.4202,0.7698535919189453,0.12755393981933594
2,208,219,1762437885636.6292,1762437885637.5378,0.9088516235351562,0.13899803161621094
2,209,220,1762437885687.8203,1762437885688.7385,0.9183883666992188,0.0095367431640625
2,210,221,1762437885739.8906,1762437885740.2883,0.39768218994140625,0.5207061767578125
2,211,222,1762437885791.6648,1762437885792.6938,1.0290145874023438,0.6313323974609375
2,212,223,1762437885843.187,1762437885844.0066,0.8194446563720703,0.20956993103027344
2,213,224,1762437885894.5037,1762437885895.0627,0.5590915679931641,0.26035308837890625
2,214,225,1762437885945.3723,1762437885946.0044,0.6320476531982422,0.07295608520507812
2,215,226,1762437885996.672,1762437885997.1992,0.5271434783935547,0.1049041748046875
2,216,227,1762437886047.8948,1762437886048.3691,0.4744529724121094,0.05269050598144531
2,217,228,1762437886098.8035,1762437886099.5476,0.7441043853759766,0.2696514129638672
2,218,229,1762437886150.0078,1762437886150.608,0.6000995635986328,0.14400482177734375
2,219,230,1762437886201.0425,1762437886201.666,0.6237030029296875,0.023603439331054688
2,220,231,1762437886252.3647,1762437886252.742,0.37741661071777344,0.24628639221191406
2,221,232,1762437886303.5522,1762437886303.8157,0.26345252990722656,0.11396408081054688
2,222,233,1762437886355.0366,1762437886355.4546,0.41794776916503906,0.1544952392578125
2,223,234,1762437886405.2258,1762437886405.771,0.5452632904052734,0.12731552124023438
2,224,235,1762437886456.365,1762437886456.8542,0.48923492431640625,0.05602836608886719
2,225,236,1762437886507.8594,1762437886508.1047,0.2453327178955078,0.24390220642089844
2,226,237,1762437886559.4705,1762437886560.3845,0.9140968322753906,0.6687641143798828
2,227,238,1762437886610.9465,1762437886611.8271,0.8807182312011719,0.03337860107421875
2,228,239,1762437886662.062,1762437886662.891,0.8292198181152344,0.0514984130859375
2,229,240,1762437886712.915,1762437886713.8984,0.9834766387939453,0.15425682067871094
2,230,241,1762437886763.7463,1762437886763.9153,0.1690387725830078,0.8144378662109375
2,231,242,1762437886814.424,1762437886814.9297,0.5056858062744141,0.33664703369140625
2,232,243,1762437886866.273,1762437886867.0703,0.797271728515625,0.29158592224121094
2,233,244,1762437886917.0393,1762437886917.9653,0.9260177612304688,0.12874603271484375
2,234,245,1762437886967.8271,1762437886967.933,0.10609626770019531,0.8199214935302734
2,235,246,1762437887018.6187,1762437887018.9795,0.3609657287597656,0.2548694610595703
2,236,247,1762437887069.5073,1762437887070.0205,0.5130767822265625,0.15211105346679688
2,237,248,1762437887119.642,1762437887120.068,0.4260540008544922,0.08702278137207031
2,238,249,1762437887170.457,1762437887171.17,0.7128715515136719,0.2868175506591797
2,239,250,1762437887221.4856,1762437887222.2234,0.7376670837402344,0.0247955322265625
2,240,251,1762437887272.2842,1762437887273.281,0.9968280792236328,0.25916099548339844
2,241,252,1762437887323.0857,1762437887323.2295,0.1437664031982422,0.8530616760253906
2,242,253,1762437887374.93,1762437887375.3171,0.3871917724609375,0.2434253692626953
2,243,254,1762437887425.983,1762437887426.3533,0.37026405334472656,0.016927719116210938
2,244,255,1762437887477.1394,1762437887477.4543,0.31495094299316406,0.0553131103515625
2,245,256,1762437887528.1135,1762437887528.657,0.5433559417724609,0.22840499877929688
2,246,257,1762437887579.2856,1762437887579.8586,0.5729198455810547,0.02956390380859375
2,247,258,1762437887629.4126,1762437887629.9348,0.5221366882324219,0.05078315734863281
2,248,259,1762437887680.5105,1762437887681.0503,0.5397796630859375,0.017642974853515625
2,249,260,1762437887731.5603,1762437887732.1958,0.6356239318847656,0.09584426879882812
2,250,261,1762437887782.4688,1762437887783.14,0.6711483001708984,0.03552436828613281
2,251,262,1762437887833.1409,1762437887834.0554,0.9145736694335938,0.2434253692626953
2,252,263,1762437887885.2104,1762437887886.0864,0.8759498596191406,0.038623809814453125
2,253,264,1762437887936.3982,1762437887937.1733,0.7750988006591797,0.10085105895996094
2,254,265,1762437887987.9246,1762437887988.5032,0.5786418914794922,0.1964569091796875
2,255,266,1762437888039.0947,1762437888039.7144,0.6196498870849609,0.04100799560546875
2,256,267,1762437888090.412,1762437888091.0498,0.6377696990966797,0.01811981201171875
2,257,268,1762437888140.6174,1762437888141.3098,0.6923675537109375,0.05459785461425781
2,258,269,1762437888191.6758,1762437888192.4329,0.7572174072265625,0.064849853515625
2,259,270,1762437888242.492,1762437888243.4956,1.0037422180175781,0.24652481079101562
2,260,271,1762437888293.3572,1762437888293.4514,0.09417533874511719,0.9095668792724609
2,261,272,1762437888344.5215,1762437888344.65,0.12826919555664062,0.03409385681152344
2,262,273,1762437888394.7598,1762437888395.7175,0.9579658508300781,0.8296966552734375
2,263,274,1762437888446.91,1762437888447.8042,0.8943080902099609,0.06365776062011719
2,264,275,1762437888498.0337,1762437888498.8547,0.8208751678466797,0.07343292236328125
2,265,276,1762437888549.075,1762437888549.8813,0.8065700531005859,0.01430511474609375
2,266,277,1762437888599.9094,1762437888600.8518,0.942230224609375,0.13566017150878906
2,267,278,1762437888650.7363,1762437888651.8354,1.0991096496582031,0.15687942504882812
2,268,279,1762437888701.5745,1762437888701.841,0.2665519714355469,0.8325576782226562
2,269,280,1762437888752.3586,1762437888752.797,0.43845176696777344,0.17189979553222656
2,270,281,1762437888803.2178,1762437888803.8306,0.6127357482910156,0.1742839813232422
2,271,282,1762437888853.3376,1762437888853.938,0.6003379821777344,0.01239776611328125
2,272,283,1762437888904.4326,1762437888905.417,0.9844303131103516,0.3840923309326172
2,273,284,1762437888955.5024,1762437888955.663,0.16069412231445312,0.8237361907958984
2,274,285,1762437889006.5244,1762437889006.915,0.39076805114746094,0.2300739288330078
2,275,286,1762437889057.6526,1762437889058.2156,0.5631446838378906,0.1723766326904297
2,276,287,1762437889107.7751,1762437889108.4387,0.6635189056396484,0.10037422180175781
2,277,288,1762437889159.07,1762437889159.6357,0.5657672882080078,0.09775161743164062
2,278,289,1762437889210.3677,1762437889210.816,0.4482269287109375,0.11754035949707031
2,279,290,1762437889261.1982,1762437889261.8542,0.6558895111083984,0.20766258239746094
2,280,291,1762437889312.0825,1762437889312.8945,0.8120536804199219,0.15616416931152344
2,281,292,1762437889362.0642,1762437889363.1157,1.0516643524169922,0.2396106719970703
2,282,293,1762437889413.4084,1762437889414.4092,1.0006427764892578,0.051021575927734375
2,283,294,1762437889464.6013,1762437889465.587,0.9856224060058594,0.015020370483398438
2,284,295,1762437889515.6821,1762437889516.6545,0.9722709655761719,0.0133514404296875
2,285,296,1762437889566.732,1762437889567.6768,0.9448528289794922,0.027418136596679688
2,286,297,1762437889616.7341,1762437889617.6458,0.911712646484375,0.03314018249511719
2,287,298,1762437889667.4907,1762437889667.5823,0.091552734375,0.820159912109375
2,288,299,1762437889718.3252,1762437889718.5713,0.2460479736328125,0.1544952392578125
2,289,300,1762437889769.1516,1762437889769.5955,0.4436969757080078,0.1976490020751953
2,290,301,1762437889819.7695,1762437889820.6387,0.8690357208251953,0.4253387451171875
2,291,302,1762437889871.8755,1762437889872.8306,0.9551048278808594,0.08606910705566406
2,292,303,1762437889923.043,1762437889924.0774,1.0342597961425781,0.07915496826171875
2,293,304,1762437889974.5513,1762437889975.3003,0.7491111755371094,0.28514862060546875
2,294,305,1762437890026.1616,1762437890026.6116,0.44989585876464844,0.29921531677246094
2,295,306,1762437890077.4614,1762437890077.8706,0.40912628173828125,0.04076957702636719
3,1,12,1762437875077.1196,1762437875077.2966,0.17714500427246094,0.0
3,2,13,1762437875127.9114,1762437875128.2822,0.37097930908203125,0.1938343048095703
3,3,14,1762437875178.7053,1762437875179.2583,0.553131103515625,0.18215179443359375
3,4,15,1762437875229.507,1762437875230.2268,0.7197856903076172,0.1666545867919922
3,5,16,1762437875280.274,1762437875281.2068,0.9329319000244141,0.21314620971679688
3,6,17,1762437875331.1418,1762437875332.162,1.020193099975586,0.08726119995117188
3,7,18,1762437875382.1353,1762437875382.1902,0.05507469177246094,0.965118408203125
3,8,19,1762437875432.8977,1762437875433.3044,0.4067420959472656,0.3516674041748047
3,9,20,1762437875483.5977,1762437875484.3315,0.7338523864746094,0.32711029052734375
3,10,21,1762437875534.4685,1762437875535.319,0.850677490234375,0.11682510375976562
3,11,22,1762437875585.3628,1762437875586.3,0.9374618530273438,0.08678436279296875
3,12,23,1762437875636.1042,1762437875636.2532,0.148773193359375,0.7886886596679688
3,13,24,1762437875686.805,1762437875687.288,0.4830360412597656,0.3342628479003906
3,14,25,1762437875737.5408,1762437875738.2634,0.7226467132568359,0.2396106719970703
3,15,26,1762437875788.5144,1762437875789.2966,0.7822513580322266,0.059604644775390625
3,16,27,1762437875840.7166,1762437875841.4797,0.7631778717041016,0.019073486328125
3,17,28,1762437875891.6843,1762437875892.481,0.7965564727783203,0.03337860107421875
3,18,29,1762437875942.4734,1762437875943.5068,1.0333061218261719,0.23674964904785156
3,19,30,1762437875993.3525,1762437875993.569,0.21648406982421875,0.8168220520019531
3,20,31,1762437876044.1138,1762437876044.613,0.4992485046386719,0.2827644348144531
3,21,32,1762437876094.506,1762437876095.5667,1.0607242584228516,0.5614757537841797
3,22,33,1762437876145.2302,1762437876145.4973,0.26702880859375,0.7936954498291016
3,23,34,1762437876196.3179,1762437876196.5857,0.2677440643310547,0.0007152557373046875
3,24,35,1762437876247.1035,1762437876247.6445,0.5409717559814453,0.2732276916503906
3,25,36,1762437876297.9058,1762437876298.7544,0.8487701416015625,0.3077983856201172
3,26,37,1762437876349.796,1762437876350.9246,1.1286735534667969,0.2799034118652344
3,27,38,1762437876401.7332,1762437876401.9878,0.25463104248046875,0.8740425109863281
3,28,39,1762437876452.598,1762437876453.0046,0.4067420959472656,0.15211105346679688
3,29,40,1762437876503.4783,1762437876504.0505,0.57220458984375,0.16546249389648438
3,30,41,1762437876554.3044,1762437876555.055,0.7505416870117188,0.17833709716796875
3,31,42,1762437876606.2764,1762437876607.15,0.873565673828125,0.12302398681640625
3,32,43,1762437876657.2156,1762437876658.1982,0.9827613830566406,0.10919570922851562
3,33,44,1762437876708.0273,1762437876708.2153,0.18787384033203125,0.7948875427246094
3,34,45,1762437876758.8994,1762437876759.2747,0.3752708435058594,0.18739700317382812
3,35,46,1762437876810.0005,1762437876810.4707,0.47016143798828125,0.09489059448242188
3,36,47,1762437876860.321,1762437876860.4211,0.10013580322265625,0.370025634765625
3,37,48,1762437876911.4727,1762437876911.5242,0.0514984130859375,0.04863739013671875
3,38,49,1762437876962.3972,1762437876962.8486,0.4513263702392578,0.3998279571533203
3,39,50,1762437877013.5984,1762437877014.0562,0.457763671875,0.0064373016357421875
3,40,51,1762437877064.4104,1762437877065.2175,0.8070468902587891,0.34928321838378906
3,41,52,1762437877114.9844,1762437877115.3591,0.37479400634765625,0.4322528839111328
3,42,53,1762437877165.9734,1762437877166.5728,0.5993843078613281,0.22459030151367188
3,43,54,1762437877216.7637,1762437877217.8093,1.0457038879394531,0.446319580078125
3,44,55,1762437877267.9927,1762437877268.897,0.9043216705322266,0.14138221740722656
3,45,56,1762437877319.1387,1762437877319.8743,0.7355213165283203,0.16880035400390625
3,46,57,1762437877369.6982,1762437877369.821,0.12278556823730469,0.6127357482910156
3,47,58,1762437877420.6824,1762437877420.9336,0.2510547637939453,0.12826919555664062
3,48,59,1762437877471.6262,1762437877472.0042,0.37789344787597656,0.12683868408203125
3,49,60,1762437877522.735,1762437877523.1482,0.4131793975830078,0.03528594970703125
3,50,61,1762437877573.9397,1762437877574.3794,0.43964385986328125,0.026464462280273438
3,51,62,1762437877624.1707,1762437877624.4956,0.3249645233154297,0.11467933654785156
3,52,63,1762437877675.207,1762437877675.6992,0.492095947265625,0.1671314239501953
3,53,64,1762437877726.5156,1762437877726.978,0.46253204345703125,0.02956390380859375
3,54,65,1762437877777.7305,1762437877778.3147,0.5841255187988281,0.12159347534179688
3,55,66,1762437877827.76,1762437877828.471,0.7109642028808594,0.12683868408203125
3,56,67,1762437877878.796,1762437877879.5923,0.7963180541992188,0.08535385131835938
3,57,68,1762437877929.801,1762437877930.6284,0.8275508880615234,0.031232833862304688
3,58,69,1762437877980.9539,1762437877981.7559,0.8020401000976562,0.025510787963867188
3,59,70,1762437878032.2175,1762437878032.8452,0.6277561187744141,0.1742839813232422
3,60,71,1762437878084.314,1762437878085.0674,0.7534027099609375,0.12564659118652344
3,61,72,1762437878135.4922,1762437878136.2722,0.7801055908203125,0.026702880859375
3,62,73,1762437878186.8643,1762437878187.4458,0.5817413330078125,0.1983642578125
3,63,74,1762437878237.8318,1762437878238.5815,0.7498264312744141,0.16808509826660156
3,64,75,1762437878288.7793,1762437878289.6729,0.8935928344726562,0.1437664031982422
3,65,76,1762437878340.921,1762437878341.8865,0.9655952453613281,0.07200241088867188
3,66,77,1762437878391.9712,1762437878393.0132,1.0421276092529297,0.07653236389160156
3,67,78,1762437878442.7988,1762437878442.9377,0.13899803161621094,0.9031295776367188
3,68,79,1762437878493.7139,1762437878493.998,0.2841949462890625,0.14519691467285156
3,69,80,1762437878544.7207,1762437878545.115,0.3943443298339844,0.11014938354492188
3,70,81,1762437878596.8467,1762437878597.506,0.6594657897949219,0.2651214599609375
3,71,82,1762437878648.1023,1762437878648.569,0.4668235778808594,0.1926422119140625
3,72,83,1762437878699.305,1762437878699.752,0.4470348358154297,0.019788742065429688
3,73,84,1762437878750.314,1762437878750.9707,0.6566047668457031,0.20956993103027344
3,74,85,1762437878801.3196,1762437878802.0808,0.7612705230712891,0.10466575622558594
3,75,86,1762437878853.416,1762437878854.2002,0.7841587066650391,0.02288818359375
3,76,87,1762437878904.2795,1762437878905.1875,0.9081363677978516,0.1239776611328125
3,77,88,1762437878955.0688,1762437878955.1711,0.10228157043457031,0.8058547973632812
3,78,89,1762437879006.0034,1762437879006.1826,0.179290771484375,0.07700920104980469
3,79,90,1762437879056.8813,1762437879057.1812,0.29969215393066406,0.12040138244628906
3,80,91,1762437879107.3376,1762437879108.2134,0.8757114410400391,0.576019287109375
3,81,92,1762437879158.3838,1762437879159.285,0.9009838104248047,0.025272369384765625
3,82,93,1762437879209.1487,1762437879209.227,0.07843971252441406,0.8225440979003906
3,83,94,1762437879259.8635,1762437879260.1982,0.33473968505859375,0.2562999725341797
3,84,95,1762437879310.6685,1762437879311.1797,0.51116943359375,0.17642974853515625
3,85,96,1762437879362.8076,1762437879363.2166,0.40912628173828125,0.10204315185546875
3,86,97,1762437879413.7742,1762437879414.1833,0.40912628173828125,0.0
3,87,98,1762437879464.7534,1762437879465.1277,0.3743171691894531,0.034809112548828125
3,88,99,1762437879515.7778,1762437879516.0745,0.29659271240234375,0.07772445678710938
3,89,100,1762437879566.7769,1762437879567.0005,0.22363662719726562,0.07295608520507812
3,90,101,1762437879618.894,1762437879619.1328,0.23865699768066406,0.015020370483398438
3,91,102,1762437879669.676,1762437879670.183,0.5071163177490234,0.2684593200683594
3,92,103,1762437879720.9163,1762437879721.2886,0.3724098205566406,0.1347064971923828
3,93,104,1762437879771.9153,1762437879772.3145,0.3993511199951172,0.026941299438476562
3,94,105,1762437879822.8875,1762437879823.373,0.4856586456298828,0.08630752563476562
3,95,106,1762437879874.8647,1762437879875.4714,0.606536865234375,0.12087821960449219
3,96,107,1762437879925.7612,1762437879926.634,0.8728504180908203,0.2663135528564453
3,97,108,1762437879976.8135,1762437879977.7551,0.9415149688720703,0.06866455078125
3,98,109,1762437880027.8103,1762437880028.8074,0.9970664978027344,0.05555152893066406
3,99,110,1762437880078.871,1762437880078.943,0.07200241088867188,0.9250640869140625
3,100,111,1762437880129.7456,1762437880130.1973,0.4515647888183594,0.3795623779296875
3,101,112,1762437880180.7551,1762437880181.4165,0.6613731384277344,0.209808349609375
3,102,113,1762437880231.6365,1762437880232.544,0.9074211120605469,0.2460479736328125
3,103,114,1762437880282.449,1762437880282.5603,0.11134147644042969,0.7960796356201172
3,104,115,1762437880332.9348,1762437880333.579,0.6442070007324219,0.5328655242919922
3,105,116,1762437880383.7961,1762437880384.7073,0.9109973907470703,0.26679039001464844
3,106,117,1762437880434.775,1762437880434.8271,0.05221366882324219,0.8587837219238281
3,107,118,1762437880486.144,1762437880486.3147,0.17070770263671875,0.11849403381347656
3,108,119,1762437880537.5813,1762437880537.8806,0.2994537353515625,0.12874603271484375
3,109,120,1762437880588.3535,1762437880589.3909,1.0371208190917969,0.7376670837402344
3,110,121,1762437880639.5952,1762437880640.5337,0.93841552734375,0.09870529174804688
3,111,122,1762437880690.8228,1762437880691.7305,0.9076595306396484,0.030755996704101562
3,112,123,1762437880741.913,1762437880742.7373,0.8242130279541016,0.08344650268554688
3,113,124,1762437880793.1914,1762437880793.982,0.7905960083007812,0.03361701965332031
3,114,125,1762437880843.211,1762437880844.0684,0.8573532104492188,0.0667572021484375
3,115,126,1762437880894.3574,1762437880895.3,0.9427070617675781,0.08535385131835938
3,116,127,1762437880945.3608,1762437880946.466,1.1050701141357422,0.16236305236816406
3,117,128,1762437880996.7588,1762437880997.8076,1.0488033294677734,0.05626678466796875
3,118,129,1762437881047.6301,1762437881047.9587,0.3287792205810547,0.7200241088867188
3,119,130,1762437881098.0293,1762437881098.1387,0.10919570922851562,0.21958351135253906
3,120,131,1762437881149.1704,1762437881149.2705,0.10013580322265625,0.009059906005859375
3,121,132,1762437881200.345,1762437881200.429,0.08392333984375,0.01621246337890625
3,122,133,1762437881251.1304,1762437881251.4995,0.36907196044921875,0.28514862060546875
3,123,134,1762437881301.8992,1762437881302.5024,0.6031990051269531,0.23412704467773438
3,124,135,1762437881353.7778,1762437881354.501,0.7231235504150391,0.11992454528808594
3,125,136,1762437881404.5159,1762437881405.4243,0.9083747863769531,0.18525123596191406
3,126,137,1762437881455.2996,1762437881456.372,1.0724067687988281,0.164031982421875
3,127,138,1762437881506.2117,1762437881506.3635,0.1518726348876953,0.9205341339111328
3,128,139,1762437881557.0737,1762437881557.4153,0.3414154052734375,0.1895427703857422
3,129,140,1762437881607.5654,1762437881607.6318,0.06651878356933594,0.27489662170410156
3,130,141,1762437881658.4954,1762437881658.8857,0.3902912139892578,0.3237724304199219
3,131,142,1762437881709.2754,1762437881710.0498,0.774383544921875,0.3840923309326172
3,132,143,1762437881760.1077,1762437881761.124,1.016378402709961,0.24199485778808594
3,133,144,1762437881811.4749,1762437881812.3328,0.8580684661865234,0.1583099365234375
3,134,145,1762437881862.548,1762437881863.4375,0.8893013000488281,0.031232833862304688
3,135,146,1762437881913.467,1762437881914.4116,0.9446144104003906,0.0553131103515625
3,136,147,1762437881964.3008,1762437881965.3816,1.0807514190673828,0.1361370086669922
3,137,148,1762437882015.042,1762437882015.347,0.30493736267089844,0.7758140563964844
3,138,149,1762437882065.8525,1762437882066.3813,0.5288124084472656,0.2238750457763672
3,139,150,1762437882117.75,1762437882118.494,0.743865966796875,0.21505355834960938
3,140,151,1762437882168.9128,1762437882169.4817,0.5688667297363281,0.17499923706054688
3,141,152,1762437882219.8164,1762437882220.566,0.7495880126953125,0.18072128295898438
3,142,153,1762437882270.7454,1762437882271.7134,0.9679794311523438,0.21839141845703125
3,143,154,1762437882321.5989,1762437882321.8071,0.20837783813476562,0.7596015930175781
3,144,155,1762437882371.8167,1762437882372.8684,1.0516643524169922,0.8432865142822266
3,145,156,1762437882422.6038,1762437882422.8906,0.2868175506591797,0.7648468017578125
3,146,157,1762437882473.303,1762437882473.9485,0.6453990936279297,0.35858154296875
3,147,158,1762437882524.131,1762437882525.0344,0.9033679962158203,0.2579689025878906
3,148,159,1762437882574.9543,1762437882575.0312,0.07700920104980469,0.8263587951660156
3,149,160,1762437882626.8813,1762437882627.1519,0.27060508728027344,0.19359588623046875
3,150,161,1762437882677.8208,1762437882678.1426,0.3218650817871094,0.05125999450683594
3,151,162,1762437882728.5793,1762437882729.1746,0.5953311920166016,0.2734661102294922
3,152,163,1762437882779.47,1762437882780.2986,0.8285045623779297,0.23317337036132812
3,153,164,1762437882830.2537,1762437882831.3245,1.0709762573242188,0.24247169494628906
3,154,165,1762437882880.4502,1762437882881.2698,0.8194446563720703,0.25153160095214844
3,155,166,1762437882931.292,1762437882932.239,0.9469985961914062,0.12755393981933594
3,156,167,1762437882982.2803,1762437882983.3462,1.065969467163086,0.11897087097167969
3,157,168,1762437883033.166,1762437883033.3342,0.16832351684570312,0.8976459503173828
3,158,169,1762437883083.9626,1762437883084.3105,0.3478527069091797,0.17952919006347656
3,159,170,1762437883135.9392,1762437883136.346,0.4067420959472656,0.05888938903808594
3,160,171,1762437883186.8115,1762437883187.2744,0.4630088806152344,0.05626678466796875
3,161,172,1762437883237.756,1762437883238.2317,0.4756450653076172,0.012636184692382812
3,162,173,1762437883288.6904,1762437883289.2944,0.6041526794433594,0.1285076141357422
3,163,174,1762437883339.8933,1762437883340.9773,1.0838508605957031,0.47969818115234375
3,164,175,1762437883391.1057,1762437883392.0898,0.98419189453125,0.09965896606445312
3,165,176,1762437883442.291,1762437883443.2947,1.0037422180175781,0.019550323486328125
3,166,177,1762437883493.5222,1762437883494.4944,0.9722709655761719,0.03147125244140625
3,167,178,1762437883544.6348,1762437883545.6257,0.9908676147460938,0.018596649169921875
3,168,179,1762437883595.0046,1762437883595.8594,0.8547306060791016,0.1361370086669922
3,169,180,1762437883646.2656,1762437883647.234,0.9684562683105469,0.11372566223144531
3,170,181,1762437883697.596,1762437883698.5151,0.919342041015625,0.049114227294921875
3,171,182,1762437883748.7986,1762437883749.7983,0.9996891021728516,0.08034706115722656
3,172,183,1762437883799.3743,1762437883800.3584,0.9839534759521484,0.015735626220703125
3,173,184,1762437883849.5952,1762437883850.4233,0.8280277252197266,0.15592575073242188
3,174,185,1762437883900.8267,1762437883901.711,0.8842945098876953,0.05626678466796875
3,175,186,1762437883951.8296,1762437883952.7617,0.9319782257080078,0.0476837158203125
3,176,187,1762437884002.8296,1762437884002.9172,0.087738037109375,0.8442401885986328
3,177,188,1762437884053.7493,1762437884054.0266,0.2772808074951172,0.1895427703857422
3,178,189,1762437884104.2678,1762437884105.1013,0.8335113525390625,0.5562305450439453
3,179,190,1762437884155.6292,1762437884156.3496,0.7205009460449219,0.11301040649414062
3,180,191,1762437884206.9482,1762437884207.483,0.5345344543457031,0.18596649169921875
3,181,192,1762437884258.2852,1762437884258.7385,0.4534721374511719,0.08106231689453125
3,182,193,1762437884309.588,1762437884309.8389,0.25081634521484375,0.20265579223632812
3,183,194,1762437884359.6226,1762437884359.9866,0.36406517028808594,0.11324882507324219
3,184,195,1762437884410.6917,1762437884411.0273,0.335693359375,0.028371810913085938
3,185,196,1762437884461.8271,1762437884462.1965,0.3695487976074219,0.033855438232421875
3,186,197,1762437884513.1367,1762437884513.5203,0.38361549377441406,0.014066696166992188
3,187,198,1762437884564.545,1762437884564.8167,0.27179718017578125,0.11181831359863281
3,188,199,1762437884614.846,1762437884614.9724,0.12636184692382812,0.14543533325195312
3,189,200,1762437884665.8325,1762437884666.1748,0.34236907958984375,0.21600723266601562
3,190,201,1762437884717.1912,1762437884717.3494,0.15807151794433594,0.1842975616455078
3,191,202,1762437884768.6165,1762437884769.608,0.9915828704833984,0.8335113525390625
3,192,203,1762437884819.7617,1762437884820.7593,0.9975433349609375,0.0059604644775390625
3,193,204,1762437884870.2808,1762437884870.9856,0.7047653198242188,0.29277801513671875
3,194,205,1762437884921.4111,1762437884922.112,0.7009506225585938,0.003814697265625
3,195,206,1762437884972.284,1762437884973.1438,0.8599758148193359,0.1590251922607422
3,196,207,1762437885023.2048,1762437885024.34,1.1353492736816406,0.2753734588623047
3,197,208,1762437885074.77,1762437885075.8228,1.0528564453125,0.08249282836914062
3,198,209,1762437885125.4,1762437885126.1475,0.7476806640625,0.30517578125
3,199,210,1762437885176.5364,1762437885177.1887,0.652313232421875,0.095367431640625
3,200,211,1762437885227.5852,1762437885228.3044,0.7190704345703125,0.0667572021484375
3,201,212,1762437885278.444,1762437885279.352,0.90789794921875,0.1888275146484375
3,202,213,1762437885329.1885,1762437885329.3237,0.13518333435058594,0.7727146148681641
3,203,214,1762437885379.7717,1762437885380.5674,0.7956027984619141,0.6604194641113281
3,204,215,1762437885431.1072,1762437885432.0378,0.9305477142333984,0.13494491577148438
3,205,216,1762437885482.347,1762437885483.237,0.8900165557861328,0.040531158447265625
3,206,217,1762437885533.633,1762437885534.3513,0.7183551788330078,0.171661376953125
3,207,218,1762437885584.6672,1762437885585.4062,0.7390975952148438,0.020742416381835938
3,208,219,1762437885636.6423,1762437885637.6404,0.9982585906982422,0.25916099548339844
3,209,220,1762437885687.837,1762437885688.7812,0.9443759918212891,0.053882598876953125
3,210,221,1762437885739.919,1762437885740.2192,0.3001689910888672,0.6442070007324219
3,211,222,1762437885791.6787,1762437885792.617,0.9381771087646484,0.6380081176757812
3,212,223,1762437885843.2058,1762437885843.8914,0.6854534149169922,0.25272369384765625
3,213,224,1762437885894.5208,1762437885895.048,0.5273818969726562,0.15807151794433594
3,214,225,1762437885945.39,1762437885946.024,0.6339550018310547,0.10657310485839844
3,215,226,1762437885996.6863,1762437885997.2366,0.5502700805664062,0.08368492126464844
3,216,227,1762437886047.9336,1762437886048.3223,0.3886222839355469,0.16164779663085938
3,217,228,1762437886098.8384,1762437886099.4307,0.5922317504882812,0.20360946655273438
3,218,229,1762437886150.0286,1762437886150.5051,0.47659873962402344,0.11563301086425781
3,219,230,1762437886201.0579,1762437886201.6,0.5421638488769531,0.06556510925292969
3,220,231,1762437886252.3774,1762437886252.8657,0.48828125,0.053882598876953125
3,221,232,1762437886303.568,1762437886304.0679,0.499725341796875,0.011444091796875
3,222,233,1762437886355.4436,1762437886355.8757,0.43201446533203125,0.06771087646484375
3,223,234,1762437886405.2803,1762437886406.2163,0.9360313415527344,0.5040168762207031
3,224,235,1762437886456.382,1762437886457.195,0.8130073547363281,0.12302398681640625
3,225,236,1762437886507.8762,1762437886508.3718,0.49567222595214844,0.3173351287841797
3,226,237,1762437886559.4846,1762437886559.5688,0.08416175842285156,0.4115104675292969
3,227,238,1762437886610.9624,1762437886611.7522,0.7898807525634766,0.705718994140625
3,228,239,1762437886662.0842,1762437886662.8748,0.7903575897216797,0.000476837158203125
3,229,240,1762437886712.9333,1762437886713.9104,0.9770393371582031,0.18668174743652344
3,230,241,1762437886763.7634,1762437886763.9065,0.1430511474609375,0.8339881896972656
3,231,242,1762437886814.4407,1762437886814.8984,0.457763671875,0.3147125244140625
3,232,243,1762437886866.2927,1762437886866.9841,0.6914138793945312,0.23365020751953125
3,233,244,1762437886917.0557,1762437886917.9866,0.9310245513916016,0.2396106719970703
3,234,245,1762437886967.8428,1762437886968.929,1.0862350463867188,0.1552104949951172
3,235,246,1762437887018.6333,1762437887018.861,0.2276897430419922,0.8585453033447266
3,236,247,1762437887069.5244,1762437887069.866,0.3414154052734375,0.11372566223144531
3,237,248,1762437887119.6592,1762437887119.8198,0.16069412231445312,0.18072128295898438
3,238,249,1762437887170.4727,1762437887170.836,0.36334991455078125,0.20265579223632812
3,239,250,1762437887221.5154,1762437887221.9685,0.45299530029296875,0.0896453857421875
3,240,251,1762437887272.3003,1762437887273.075,0.7746219635009766,0.3216266632080078
3,241,252,1762437887323.101,1762437887324.162,1.0609626770019531,0.28634071350097656
3,242,253,1762437887374.9473,1762437887375.2305,0.28324127197265625,0.7777214050292969
3,243,254,1762437887425.9998,1762437887426.4053,0.4055500030517578,0.12230873107910156
3,244,255,1762437887477.1555,1762437887477.4543,0.2989768981933594,0.10657310485839844
3,245,256,1762437887528.1306,1762437887528.536,0.40531158447265625,0.10633468627929688
3,246,257,1762437887579.3037,1762437887579.7834,0.47969818115234375,0.0743865966796875
3,247,258,1762437887629.4255,1762437887629.8647,0.4391670227050781,0.040531158447265625
3,248,259,1762437887680.5269,1762437887680.9912,0.46443939208984375,0.025272369384765625
3,249,260,1762437887731.5752,1762437887732.186,0.6108283996582031,0.14638900756835938
3,250,261,1762437887782.485,1762437887783.3005,0.8156299591064453,0.2048015594482422
3,251,262,1762437887833.1555,1762437887834.2107,1.055002212524414,0.23937225341796875
3,252,263,1762437887885.2249,1762437887886.2236,0.9987354278564453,0.05626678466796875
3,253,264,1762437887936.4177,1762437887937.539,1.1212825775146484,0.12254714965820312
3,254,265,1762437887987.9424,1762437887988.856,0.9136199951171875,0.20766258239746094
3,255,266,1762437888039.1084,1762437888040.0286,0.9200572967529297,0.0064373016357421875
3,256,267,1762437888090.4253,1762437888091.2546,0.8294582366943359,0.09059906005859375
3,257,268,1762437888140.6343,1762437888141.3696,0.7352828979492188,0.09417533874511719
3,258,269,1762437888191.6885,1762437888192.4963,0.8077621459960938,0.072479248046875
3,259,270,1762437888242.508,1762437888243.4417,0.9334087371826172,0.12564659118652344
3,260,271,1762437888293.3752,1762437888294.4478,1.0724067687988281,0.13899803161621094
3,261,272,1762437888344.5383,1762437888344.5957,0.05745887756347656,1.0149478912353516
3,262,273,1762437888394.7756,1762437888395.8987,1.1229515075683594,1.0654926300048828
3,263,274,1762437888446.9338,1762437888448.0154,1.081705093383789,0.04124641418457031
3,264,275,1762437888498.0469,1762437888499.1035,1.056671142578125,0.025033950805664062
3,265,276,1762437888549.1033,1762437888549.289,0.1857280731201172,0.8709430694580078
3,266,277,1762437888599.9282,1762437888600.295,0.3666877746582031,0.18095970153808594
3,267,278,1762437888650.7537,1762437888651.2886,0.5347728729248047,0.16808509826660156
3,268,279,1762437888701.5928,1762437888702.2622,0.6694793701171875,0.1347064971923828
3,269,280,1762437888752.3755,1762437888753.2263,0.850677490234375,0.1811981201171875
3,270,281,1762437888803.2358,1762437888804.208,0.9722709655761719,0.12159347534179688
3,271,282,1762437888853.3665,1762437888854.4639,1.0974407196044922,0.1251697540283203
3,272,283,1762437888904.45,1762437888904.7166,0.2665519714355469,0.8308887481689453
3,273,284,1762437888955.52,1762437888956.0718,0.5519390106201172,0.2853870391845703
3,274,285,1762437889006.5405,1762437889007.3572,0.8165836334228516,0.2646446228027344
3,275,286,1762437889057.6963,1762437889058.4692,0.7729530334472656,0.04363059997558594
3,276,287,1762437889107.803,1762437889108.5605,0.7576942443847656,0.0152587890625
3,277,288,1762437889159.0955,1762437889159.7302,0.6346702575683594,0.12302398681640625
3,278,289,1762437889210.3843,1762437889210.9192,0.5347728729248047,0.09989738464355469
3,279,290,1762437889261.212,1762437889261.9265,0.7145404815673828,0.17976760864257812
3,280,291,1762437889312.1116,1762437889312.9211,0.8094310760498047,0.09489059448242188
3,281,292,1762437889362.0774,1762437889363.1157,1.0383129119873047,0.2288818359375
3,282,293,1762437889413.4316,1762437889413.7354,0.3037452697753906,0.7345676422119141
3,283,294,1762437889464.6245,1762437889464.8164,0.1919269561767578,0.11181831359863281
3,284,295,1762437889515.6992,1762437889515.8025,0.10323524475097656,0.08869171142578125
3,285,296,1762437889566.761,1762437889566.8718,0.11086463928222656,0.00762939453125
3,286,297,1762437889616.752,1762437889616.9834,0.2315044403076172,0.12063980102539062
3,287,298,1762437889667.5073,1762437889668.016,0.5087852478027344,0.2772808074951172
3,288,299,1762437889718.343,1762437889719.0208,0.6778240203857422,0.1690387725830078
3,289,300,1762437889769.1687,1762437889770.0767,0.9081363677978516,0.23031234741210938
3,290,301,1762437889819.7854,1762437889820.0378,0.2524852752685547,0.6556510925292969
3,291,302,1762437889871.8914,1762437889872.2217,0.3304481506347656,0.07796287536621094
3,292,303,1762437889923.0588,1762437889923.492,0.43320655822753906,0.10275840759277344
3,293,304,1762437889974.5696,1762437889974.7422,0.17261505126953125,0.2605915069580078
3,294,305,1762437890026.1797,1762437890027.1736,0.9937286376953125,0.8211135864257812
3,295,306,1762437890077.48,1762437890078.2878,0.8077621459960938,0.18596649169921875
